{
  "__type__": "cc.AnimationClip",
  "_name": "zombielostheadattack",
  "_objFlags": 0,
  "_native": "",
  "_duration": 1.9,
  "sample": 10,
  "speed": 1,
  "wrapMode": "2",
  "curveData": {
    "comps": {
      "cc.Sprite": {
        "spriteFrame": [
          {
            "frame": 0,
            "value": {
              "__uuid__": "274cd856-db94-416a-ad5a-9ebe9a3a73b9"
            }
          },
          {
            "frame": 0.2,
            "value": {
              "__uuid__": "4e8cc15f-bc6f-46e2-8894-a6a8820b28bd"
            }
          },
          {
            "frame": 0.4,
            "value": {
              "__uuid__": "18445a23-4da3-455b-81f2-ad24647f69c6"
            }
          },
          {
            "frame": 0.6,
            "value": {
              "__uuid__": "78320f43-8e44-4965-897f-35773e5651d7"
            }
          },
          {
            "frame": 0.8,
            "value": {
              "__uuid__": "87a7621f-212b-4c09-b556-e71ec9aea4fe"
            }
          },
          {
            "frame": 1,
            "value": {
              "__uuid__": "911e8026-e7b2-4d5a-98c6-4dba1d558ea4"
            }
          },
          {
            "frame": 1.2,
            "value": {
              "__uuid__": "f7820bd9-f8e6-482a-ba63-41eebdf9e7f3"
            }
          },
          {
            "frame": 1.4,
            "value": {
              "__uuid__": "e9f9660d-7dcd-47fe-9cdf-ca0b182df932"
            }
          },
          {
            "frame": 1.6,
            "value": {
              "__uuid__": "c732e1ad-0509-4269-83fe-eec25a89ca5d"
            }
          },
          {
            "frame": 1.8,
            "value": {
              "__uuid__": "3ab96b81-de67-4c8f-a8bf-f1e8047bd489"
            }
          }
        ]
      }
    }
  },
  "events": []
}