{
  "__type__": "cc.AnimationClip",
  "_name": "sun",
  "_objFlags": 0,
  "_native": "",
  "_duration": 0.7166666666666667,
  "sample": 60,
  "speed": 1,
  "wrapMode": 1,
  "curveData": {
    "comps": {
      "cc.Sprite": {
        "spriteFrame": [
          {
            "frame": 0,
            "value": {
              "__uuid__": "89b0e165-b213-49e5-a7bf-4bb06aa957ce"
            }
          },
          {
            "frame": 0.03333333333333333,
            "value": {
              "__uuid__": "3ad2aa99-8504-49e7-9346-11806d153a9a"
            }
          },
          {
            "frame": 0.06666666666666667,
            "value": {
              "__uuid__": "09b0bf8c-b91c-4746-b2c2-889e2263a072"
            }
          },
          {
            "frame": 0.1,
            "value": {
              "__uuid__": "80cdb155-3d02-40f4-8a00-ac8ebfb897d2"
            }
          },
          {
            "frame": 0.13333333333333333,
            "value": {
              "__uuid__": "9600fa92-8053-4662-8fc6-3a4ffea500be"
            }
          },
          {
            "frame": 0.16666666666666666,
            "value": {
              "__uuid__": "28d1c14d-1a98-434a-ac24-df6ddc47c8ac"
            }
          },
          {
            "frame": 0.2,
            "value": {
              "__uuid__": "d427d1c5-d20d-4432-8c33-dd31c8cf5b0e"
            }
          },
          {
            "frame": 0.23333333333333334,
            "value": {
              "__uuid__": "feb69c6b-d511-49a2-9af8-617401eea71d"
            }
          },
          {
            "frame": 0.26666666666666666,
            "value": {
              "__uuid__": "15aee253-5e0c-4429-b347-937cff696e22"
            }
          },
          {
            "frame": 0.3,
            "value": {
              "__uuid__": "ee684b4d-9b16-4fd3-a950-f23f969a140d"
            }
          },
          {
            "frame": 0.3333333333333333,
            "value": {
              "__uuid__": "a8d5d4b1-96fa-45b1-b1dc-def3d4e18e4c"
            }
          },
          {
            "frame": 0.36666666666666664,
            "value": {
              "__uuid__": "d04796d6-3a01-4126-9f32-6de82e54d06e"
            }
          },
          {
            "frame": 0.4,
            "value": {
              "__uuid__": "f9657287-fb1d-4733-b882-6051b20f9f12"
            }
          },
          {
            "frame": 0.43333333333333335,
            "value": {
              "__uuid__": "a27bdd0c-82f8-4f9d-936b-75869c527039"
            }
          },
          {
            "frame": 0.4666666666666667,
            "value": {
              "__uuid__": "059e020b-d1e1-43be-a476-04cb58b85725"
            }
          },
          {
            "frame": 0.5,
            "value": {
              "__uuid__": "0a77b735-c5ce-4d87-a447-ebbe0cf84d7d"
            }
          },
          {
            "frame": 0.5333333333333333,
            "value": {
              "__uuid__": "2b751fba-9cd1-4d0f-b80d-ae77eea9eba8"
            }
          },
          {
            "frame": 0.5666666666666667,
            "value": {
              "__uuid__": "2bbf35c3-33fd-4eb3-a090-ba391b30043a"
            }
          },
          {
            "frame": 0.6,
            "value": {
              "__uuid__": "f6a568cd-0294-492c-9256-68d8183160c4"
            }
          },
          {
            "frame": 0.6333333333333333,
            "value": {
              "__uuid__": "d1064bfe-df3b-4d25-a4d6-23bc1c89bb41"
            }
          },
          {
            "frame": 0.6666666666666666,
            "value": {
              "__uuid__": "c2c26ec9-c58f-4a1f-b795-462123947ef8"
            }
          },
          {
            "frame": 0.7,
            "value": {
              "__uuid__": "3a901a8f-87d7-4e78-b998-154a590db6b0"
            }
          }
        ]
      }
    }
  },
  "events": []
}