{
  "__type__": "cc.AnimationClip",
  "_name": "ide3",
  "_objFlags": 0,
  "_native": "",
  "_duration": 0.85,
  "sample": 60,
  "speed": 1,
  "wrapMode": "2",
  "curveData": {
    "comps": {
      "cc.Sprite": {
        "spriteFrame": [
          {
            "frame": 0,
            "value": {
              "__uuid__": "111f6d2d-ae9d-4d73-850e-07917d17a9c5"
            }
          },
          {
            "frame": 0.08333333333333333,
            "value": {
              "__uuid__": "00bb48a4-f403-4d73-822a-2db8b5a4c869"
            }
          },
          {
            "frame": 0.16666666666666666,
            "value": {
              "__uuid__": "02a418f7-5713-4a03-a34b-4c3d78e6af05"
            }
          },
          {
            "frame": 0.25,
            "value": {
              "__uuid__": "afe8edff-07f6-4a92-b23a-151b2532a7cc"
            }
          },
          {
            "frame": 0.3333333333333333,
            "value": {
              "__uuid__": "c7dc0604-f84d-4238-88d8-ada81f864bf7"
            }
          },
          {
            "frame": 0.4166666666666667,
            "value": {
              "__uuid__": "615ab059-8219-454a-ae65-13bab153b149"
            }
          },
          {
            "frame": 0.5,
            "value": {
              "__uuid__": "27478c12-ac93-4969-b49c-7bc01021bcef"
            }
          },
          {
            "frame": 0.5833333333333334,
            "value": {
              "__uuid__": "d28ff21e-7524-4eca-8608-b02234d1b23b"
            }
          },
          {
            "frame": 0.6666666666666666,
            "value": {
              "__uuid__": "e2adb0e0-d460-4878-8e6a-ba3e10d350e2"
            }
          },
          {
            "frame": 0.75,
            "value": {
              "__uuid__": "5e84549a-4d36-485b-93e3-f4fb292e8bce"
            }
          },
          {
            "frame": 0.8333333333333334,
            "value": {
              "__uuid__": "5ca14bd0-651b-464a-ac23-5b1e1e0f7427"
            }
          }
        ]
      }
    }
  },
  "events": []
}