[
  {
    "__type__": "cc.Prefab",
    "_name": "Peashooter",
    "_objFlags": 0,
    "_native": "",
    "data": {
      "__id__": 1
    },
    "optimizationPolicy": 0,
    "asyncLoadAssets": false,
    "readonly": false
  },
  {
    "__type__": "cc.Node",
    "_name": "Peashooter",
    "_objFlags": 0,
    "_parent": null,
    "_children": [],
    "_active": true,
    "_level": 1,
    "_components": [
      {
        "__id__": 2
      },
      {
        "__id__": 3
      },
      {
        "__id__": 4
      },
      {
        "__id__": 5
      },
      {
        "__id__": 6
      },
      {
        "__id__": 7
      }
    ],
    "_prefab": {
      "__id__": 8
    },
    "_opacity": 255,
    "_color": {
      "__type__": "cc.Color",
      "r": 255,
      "g": 255,
      "b": 255,
      "a": 255
    },
    "_contentSize": {
      "__type__": "cc.Size",
      "width": 63,
      "height": 69
    },
    "_anchorPoint": {
      "__type__": "cc.Vec2",
      "x": 0.5,
      "y": 0.5
    },
    "_position": {
      "__type__": "cc.Vec3",
      "x": 342,
      "y": 290,
      "z": 0
    },
    "_scale": {
      "__type__": "cc.Vec3",
      "x": 1,
      "y": 1,
      "z": 1
    },
    "_quat": {
      "__type__": "cc.Quat",
      "x": 0,
      "y": 0,
      "z": 0,
      "w": 1
    },
    "_skewX": 0,
    "_skewY": 0,
    "_zIndex": 0,
    "_is3DNode": false,
    "groupIndex": 3,
    "_id": ""
  },
  {
    "__type__": "cc.Sprite",
    "_name": "",
    "_objFlags": 0,
    "node": {
      "__id__": 1
    },
    "_enabled": true,
    "_srcBlendFactor": 770,
    "_dstBlendFactor": 771,
    "_spriteFrame": {
      "__uuid__": "a4f972d8-9eee-4cdd-8ccd-74a25a6f4f57"
    },
    "_type": 0,
    "_sizeMode": 1,
    "_fillType": 0,
    "_fillCenter": {
      "__type__": "cc.Vec2",
      "x": 0,
      "y": 0
    },
    "_fillStart": 0,
    "_fillRange": 0,
    "_isTrimmedMode": true,
    "_state": 0,
    "_atlas": null,
    "_id": ""
  },
  {
    "__type__": "cc.Animation",
    "_name": "",
    "_objFlags": 0,
    "node": {
      "__id__": 1
    },
    "_enabled": true,
    "_defaultClip": {
      "__uuid__": "08bde7b4-c0dc-46cf-9f30-6971e3964d17"
    },
    "_clips": [
      {
        "__uuid__": "08bde7b4-c0dc-46cf-9f30-6971e3964d17"
      }
    ],
    "playOnLoad": false,
    "_id": ""
  },
  {
    "__type__": "4858ekOpylMo43CwJF3M9sx",
    "_name": "",
    "_objFlags": 0,
    "node": {
      "__id__": 1
    },
    "_enabled": true,
    "_id": ""
  },
  {
    "__type__": "cc.PolygonCollider",
    "_name": "",
    "_objFlags": 0,
    "node": {
      "__id__": 1
    },
    "_enabled": true,
    "tag": 0,
    "_offset": {
      "__type__": "cc.Vec2",
      "x": 0,
      "y": 0
    },
    "points": [
      {
        "__type__": "cc.Vec2",
        "x": -47.1,
        "y": -44.5
      },
      {
        "__type__": "cc.Vec2",
        "x": 17.6,
        "y": -47.6
      },
      {
        "__type__": "cc.Vec2",
        "x": 19.3,
        "y": 47.9
      },
      {
        "__type__": "cc.Vec2",
        "x": -47.8,
        "y": 46
      },
      {
        "__type__": "cc.Vec2",
        "x": -46.6,
        "y": -3.4
      }
    ],
    "_id": ""
  },
  {
    "__type__": "f3c53kvZrNJPr+5KiXtXvww",
    "_name": "",
    "_objFlags": 0,
    "node": {
      "__id__": 1
    },
    "_enabled": true,
    "BulletPrefab": {
      "__uuid__": "101ddd7c-85c6-452b-8052-d1ae7510ee67"
    },
    "ShootAudio": null,
    "IsShoot": 0,
    "Time": 1,
    "_id": ""
  },
  {
    "__type__": "d3ae3CU1qxL/53oHP/N0CVw",
    "_name": "",
    "_objFlags": 0,
    "node": {
      "__id__": 1
    },
    "_enabled": true,
    "Speed": 0,
    "cSpeed": 0,
    "Blood": 0,
    "PlantBlood": 5,
    "HatBlood": 0,
    "IsWall": 0,
    "AudioButton": 0,
    "Audio": null,
    "_id": ""
  },
  {
    "__type__": "cc.PrefabInfo",
    "root": {
      "__id__": 1
    },
    "asset": {
      "__uuid__": "185d364c-3ad2-46ad-9b6e-b7e9eab437dc"
    },
    "fileId": "b5lgpKsPpOHbHYw3GvtIoj",
    "sync": false
  }
]