{
  "__type__": "cc.AnimationClip",
  "_name": "zombiedie",
  "_objFlags": 0,
  "_native": "",
  "_duration": 1,
  "sample": 10,
  "speed": 0.5,
  "wrapMode": "2",
  "curveData": {
    "paths": {
      "head": {
        "comps": {
          "cc.Sprite": {
            "spriteFrame": [
              {
                "frame": 0,
                "value": null
              }
            ]
          }
        }
      },
      "body": {
        "comps": {
          "cc.Sprite": {
            "spriteFrame": [
              {
                "frame": 0,
                "value": {
                  "__uuid__": "55c5570f-5b47-4368-8e57-0ff9ae9ec8b5"
                }
              },
              {
                "frame": 0.1,
                "value": {
                  "__uuid__": "08cbf2f9-a562-4d85-9f58-42ddd799f556"
                }
              },
              {
                "frame": 0.2,
                "value": {
                  "__uuid__": "fd9663a6-151c-4a41-8f0c-d9d7292d3ba8"
                }
              },
              {
                "frame": 0.3,
                "value": {
                  "__uuid__": "985cc61f-4c81-441a-bc79-6863c01c7ff2"
                }
              },
              {
                "frame": 0.4,
                "value": {
                  "__uuid__": "bc65da9c-c988-4fa4-b3d6-7cfed6802535"
                }
              },
              {
                "frame": 0.5,
                "value": {
                  "__uuid__": "ef8525da-8049-4d8c-a8ae-04fc3605274f"
                }
              },
              {
                "frame": 0.6,
                "value": {
                  "__uuid__": "a71b477d-df29-442a-b22d-ab657159f1d6"
                }
              },
              {
                "frame": 0.7,
                "value": {
                  "__uuid__": "cb20aa98-102c-40eb-aebe-ef7f2f2423d3"
                }
              },
              {
                "frame": 0.8,
                "value": {
                  "__uuid__": "485e88ea-f123-4b81-b3db-4ecb98b8cb3b"
                }
              },
              {
                "frame": 0.9,
                "value": {
                  "__uuid__": "63d0841b-6888-4d5a-96fe-35638be1da27"
                }
              }
            ]
          }
        },
        "props": {
          "position": [
            {
              "frame": 0,
              "value": [
                0,
                -18
              ]
            },
            {
              "frame": 0.2,
              "value": [
                0,
                -25
              ]
            },
            {
              "frame": 0.3,
              "value": [
                -7,
                -25
              ]
            },
            {
              "frame": 0.4,
              "value": [
                -15,
                -25
              ]
            },
            {
              "frame": 0.5,
              "value": [
                -20,
                -25
              ]
            },
            {
              "frame": 0.6,
              "value": [
                -30,
                -35
              ]
            },
            {
              "frame": 0.7,
              "value": [
                -31,
                -40
              ]
            }
          ]
        }
      }
    },
    "comps": {
      "cc.Sprite": {
        "spriteFrame": [
          {
            "frame": 0,
            "value": null
          }
        ]
      }
    }
  },
  "events": []
}