{
  "__type__": "cc.AnimationClip",
  "_name": "chomperacttack",
  "_objFlags": 0,
  "_native": "",
  "_duration": 0.43333333333333335,
  "sample": 30,
  "speed": 0.6,
  "wrapMode": "2",
  "curveData": {
    "comps": {
      "cc.Sprite": {
        "spriteFrame": [
          {
            "frame": 0,
            "value": {
              "__uuid__": "e7a3f96d-6746-45ab-8051-263af395801f"
            }
          },
          {
            "frame": 0.13333333333333333,
            "value": {
              "__uuid__": "ee0bf78b-83ee-426d-8c6b-083c95eee8f3"
            }
          },
          {
            "frame": 0.26666666666666666,
            "value": {
              "__uuid__": "9cd29943-9263-4d73-9d8e-28f7c0fa65c2"
            }
          },
          {
            "frame": 0.4,
            "value": {
              "__uuid__": "e56fd04a-f306-4ca7-82c8-56f70c7abfad"
            }
          }
        ]
      }
    }
  },
  "events": []
}