{
  "__type__": "cc.AnimationClip",
  "_name": "sunflower",
  "_objFlags": 0,
  "_native": "",
  "_duration": 1.4333333333333333,
  "sample": 60,
  "speed": 1,
  "wrapMode": "2",
  "curveData": {
    "comps": {
      "cc.Sprite": {
        "spriteFrame": [
          {
            "frame": 0,
            "value": {
              "__uuid__": "e7101897-bfc6-4162-bb91-45a68b302430"
            }
          },
          {
            "frame": 0.08333333333333333,
            "value": {
              "__uuid__": "68fc0a19-2976-4870-8bad-1cb602f38148"
            }
          },
          {
            "frame": 0.16666666666666666,
            "value": {
              "__uuid__": "2a7411b1-e28d-4eb8-afbd-e8b4801fffd9"
            }
          },
          {
            "frame": 0.25,
            "value": {
              "__uuid__": "9c9f7c4f-a541-414e-8c79-72830869f9b1"
            }
          },
          {
            "frame": 0.3333333333333333,
            "value": {
              "__uuid__": "bba2ae5c-80b1-4925-b5d8-9f35dc3307e9"
            }
          },
          {
            "frame": 0.4166666666666667,
            "value": {
              "__uuid__": "385fde9e-08cc-4e7c-bb1d-269648af5aaf"
            }
          },
          {
            "frame": 0.5,
            "value": {
              "__uuid__": "fce3f402-a5a6-4113-b93b-9af5f9b6d676"
            }
          },
          {
            "frame": 0.5833333333333334,
            "value": {
              "__uuid__": "a9dead51-9cf5-4885-8076-99d1bba2ef14"
            }
          },
          {
            "frame": 0.6666666666666666,
            "value": {
              "__uuid__": "af3cf088-ed12-4515-8053-cec43b54c7fe"
            }
          },
          {
            "frame": 0.75,
            "value": {
              "__uuid__": "9e93165e-a077-4e42-b25d-92bde7b6e863"
            }
          },
          {
            "frame": 0.8333333333333334,
            "value": {
              "__uuid__": "fa76574c-6557-4a43-8723-ab6ce13966ab"
            }
          },
          {
            "frame": 0.9166666666666666,
            "value": {
              "__uuid__": "3efef937-c586-4082-8eb2-4db6c69f853a"
            }
          },
          {
            "frame": 1,
            "value": {
              "__uuid__": "d2b8b4e1-261c-450a-bf69-4a485653e0ed"
            }
          },
          {
            "frame": 1.0833333333333333,
            "value": {
              "__uuid__": "e40ef384-b90f-4ce7-94c4-1aa81f47d2ce"
            }
          },
          {
            "frame": 1.1666666666666667,
            "value": {
              "__uuid__": "0dec1945-3285-4f53-9f9c-b83e397c43ec"
            }
          },
          {
            "frame": 1.25,
            "value": {
              "__uuid__": "1da2d1b8-b801-4c69-8e1f-b2f0ee5502d8"
            }
          },
          {
            "frame": 1.3333333333333333,
            "value": {
              "__uuid__": "60699e53-ed71-415f-9101-0c8bfcd1c84c"
            }
          },
          {
            "frame": 1.4166666666666667,
            "value": {
              "__uuid__": "4c52c41e-468c-4253-bfb7-4a4ee20f70ae"
            }
          }
        ]
      }
    }
  },
  "events": []
}