{
  "__type__": "cc.AnimationClip",
  "_name": "plant1",
  "_objFlags": 0,
  "_native": "",
  "_duration": 1.0166666666666666,
  "sample": 60,
  "speed": 0.5,
  "wrapMode": "2",
  "curveData": {
    "comps": {
      "cc.Sprite": {
        "spriteFrame": [
          {
            "frame": 0,
            "value": {
              "__uuid__": "a4f972d8-9eee-4cdd-8ccd-74a25a6f4f57"
            }
          },
          {
            "frame": 0.16666666666666666,
            "value": {
              "__uuid__": "1ba5a19a-b91a-49db-b347-4d18daaa970f"
            }
          },
          {
            "frame": 0.3333333333333333,
            "value": {
              "__uuid__": "f0d4c823-8f53-4db8-bae6-869b74279768"
            }
          },
          {
            "frame": 0.5,
            "value": {
              "__uuid__": "e67aa6f6-aaae-45f5-833a-8b1620db77c1"
            }
          },
          {
            "frame": 0.6666666666666666,
            "value": {
              "__uuid__": "c92c5610-2155-470f-8979-a7e53973bd09"
            }
          },
          {
            "frame": 0.8333333333333334,
            "value": {
              "__uuid__": "359e1902-00ef-45e4-9f75-70b3d49aa5cb"
            }
          },
          {
            "frame": 1,
            "value": {
              "__uuid__": "ce7b791b-3164-4fe8-9280-9bf6318eb4a3"
            }
          }
        ]
      }
    }
  },
  "events": []
}