{
  "__type__": "cc.AnimationClip",
  "_name": "stand",
  "_objFlags": 0,
  "_native": "",
  "_duration": 0.36666666666666664,
  "sample": 60,
  "speed": 0.15,
  "wrapMode": "2",
  "curveData": {
    "comps": {
      "cc.Sprite": {
        "spriteFrame": [
          {
            "frame": 0,
            "value": {
              "__uuid__": "1d810d5c-88d8-448c-ba98-088302b0950e"
            }
          },
          {
            "frame": 0.016666666666666666,
            "value": {
              "__uuid__": "0e07346f-ebba-4bc2-af01-975cf60635a8"
            }
          },
          {
            "frame": 0.03333333333333333,
            "value": {
              "__uuid__": "cf51a31b-1272-4a81-8563-d1766fe1ff73"
            }
          },
          {
            "frame": 0.05,
            "value": {
              "__uuid__": "590009c7-758d-4fdb-b699-f384830a90da"
            }
          },
          {
            "frame": 0.06666666666666667,
            "value": {
              "__uuid__": "c0b57014-f115-4be9-9c8e-67918dc59395"
            }
          },
          {
            "frame": 0.08333333333333333,
            "value": {
              "__uuid__": "713e79fd-2229-4d50-a843-ffbf27a6bc7e"
            }
          },
          {
            "frame": 0.1,
            "value": {
              "__uuid__": "b01ff228-6038-4e2a-a78f-393560e05b8e"
            }
          },
          {
            "frame": 0.11666666666666667,
            "value": {
              "__uuid__": "8abf1d96-4fbe-4e06-87ab-5e554a9c8a7d"
            }
          },
          {
            "frame": 0.13333333333333333,
            "value": {
              "__uuid__": "046787f6-389b-4520-90a8-4e836c2f9dfa"
            }
          },
          {
            "frame": 0.15,
            "value": {
              "__uuid__": "251582b2-317c-4443-a4ec-872b2d74c743"
            }
          },
          {
            "frame": 0.16666666666666666,
            "value": {
              "__uuid__": "d62387f4-45c3-44e7-a993-c3b04ad5ec0b"
            }
          },
          {
            "frame": 0.18333333333333332,
            "value": {
              "__uuid__": "ce11dd0e-461d-44be-898e-0d181bf978bc"
            }
          },
          {
            "frame": 0.2,
            "value": {
              "__uuid__": "dbc2d577-baf9-44a5-b232-77466f866bce"
            }
          },
          {
            "frame": 0.21666666666666667,
            "value": {
              "__uuid__": "ab1be3e5-90e9-4cc4-9a07-f6e796c0c3f3"
            }
          },
          {
            "frame": 0.23333333333333334,
            "value": {
              "__uuid__": "5b272883-1dae-48e8-9231-889bcf79821d"
            }
          },
          {
            "frame": 0.25,
            "value": {
              "__uuid__": "e113f824-96e2-4292-a168-a20d4ab9dc97"
            }
          },
          {
            "frame": 0.26666666666666666,
            "value": {
              "__uuid__": "11be13aa-fb21-48cd-8756-2dc4c302deb4"
            }
          },
          {
            "frame": 0.2833333333333333,
            "value": {
              "__uuid__": "b7968ce1-953b-43b0-b252-0dbd31fc013e"
            }
          },
          {
            "frame": 0.3,
            "value": {
              "__uuid__": "8eee1b80-f515-43c8-ac98-4cef7417e4a8"
            }
          },
          {
            "frame": 0.31666666666666665,
            "value": {
              "__uuid__": "fe8f1446-5699-4a0f-a954-03af0e60fcf3"
            }
          },
          {
            "frame": 0.3333333333333333,
            "value": {
              "__uuid__": "acd2f028-6dff-499d-b254-c4a48ab89c06"
            }
          },
          {
            "frame": 0.35,
            "value": {
              "__uuid__": "867648be-d9c0-4fa1-8427-84131fd2f68b"
            }
          }
        ]
      }
    }
  },
  "events": []
}