{
  "__type__": "cc.AnimationClip",
  "_name": "Ready",
  "_objFlags": 0,
  "_native": "",
  "_duration": 0.2,
  "sample": 60,
  "speed": 0.1,
  "wrapMode": 1,
  "curveData": {
    "comps": {
      "cc.Sprite": {
        "spriteFrame": [
          {
            "frame": 0.016666666666666666,
            "value": {
              "__uuid__": "4b9bb37b-f7b2-44ac-919f-662ab792b42e"
            }
          },
          {
            "frame": 0.1,
            "value": {
              "__uuid__": "a5784e50-5367-44bc-8342-91767e82d18d"
            }
          },
          {
            "frame": 0.18333333333333332,
            "value": {
              "__uuid__": "4d6f9ea8-f898-4acd-9ab1-b26753fdf6b0"
            }
          }
        ]
      }
    }
  },
  "events": []
}