{
  "__type__": "cc.AnimationClip",
  "_name": "sun",
  "_objFlags": 0,
  "_native": "",
  "_duration": 2.4833333333333334,
  "sample": 60,
  "speed": 1,
  "wrapMode": "2",
  "curveData": {
    "comps": {
      "cc.Sprite": {
        "spriteFrame": [
          {
            "frame": 0,
            "value": {
              "__uuid__": "f2af65f9-bdf5-41a2-8235-846e1dafa712"
            }
          },
          {
            "frame": 0.11666666666666667,
            "value": {
              "__uuid__": "fd495f3b-d599-40b3-bd01-312245062a2a"
            }
          },
          {
            "frame": 0.23333333333333334,
            "value": {
              "__uuid__": "3839a946-9915-4439-ab1b-9a58a0a762c5"
            }
          },
          {
            "frame": 0.35,
            "value": {
              "__uuid__": "2f50f7fb-a8f2-4ce9-988b-3d61c40de4cf"
            }
          },
          {
            "frame": 0.4666666666666667,
            "value": {
              "__uuid__": "fe4b23ef-9cca-4da0-aeed-b2edbd18eceb"
            }
          },
          {
            "frame": 0.6,
            "value": {
              "__uuid__": "0ea73e1b-3890-4ddd-8e14-3f4918a6f768"
            }
          },
          {
            "frame": 0.7166666666666667,
            "value": {
              "__uuid__": "b8749d33-849d-4de5-8503-20fa19f6aa48"
            }
          },
          {
            "frame": 0.85,
            "value": {
              "__uuid__": "aa6e8096-da3f-4ca4-a090-c0f97e8e46c0"
            }
          },
          {
            "frame": 0.9666666666666667,
            "value": {
              "__uuid__": "bdb08ab9-e844-4072-af55-bcd5a3664b87"
            }
          },
          {
            "frame": 1.0833333333333333,
            "value": {
              "__uuid__": "900afa4b-dfb1-400e-8aa2-e3d228cff278"
            }
          },
          {
            "frame": 1.2166666666666666,
            "value": {
              "__uuid__": "4568fe40-f836-4892-9a45-46df942e35e7"
            }
          },
          {
            "frame": 1.35,
            "value": {
              "__uuid__": "ff49dede-713b-408f-a672-d8d8c4fffd6e"
            }
          },
          {
            "frame": 1.4666666666666666,
            "value": {
              "__uuid__": "b0dca849-9160-4f99-bbc2-7aa4721098d2"
            }
          },
          {
            "frame": 1.6,
            "value": {
              "__uuid__": "bc1163d6-a89b-4fb4-8dbe-d212c666b8f8"
            }
          },
          {
            "frame": 1.7166666666666666,
            "value": {
              "__uuid__": "f4ea5459-62b6-472d-be45-711e49a6afd0"
            }
          },
          {
            "frame": 1.8166666666666667,
            "value": {
              "__uuid__": "b76aecc2-7b63-449b-8097-46ed5f893002"
            }
          },
          {
            "frame": 1.9333333333333333,
            "value": {
              "__uuid__": "f1a17e6f-0d7b-40a1-b515-63d75faadb5a"
            }
          },
          {
            "frame": 2.066666666666667,
            "value": {
              "__uuid__": "d8ab3168-1695-43ae-b187-0b369218ef6c"
            }
          },
          {
            "frame": 2.2,
            "value": {
              "__uuid__": "12d4d9c2-3cc6-4786-835e-97be8d98ced6"
            }
          },
          {
            "frame": 2.3333333333333335,
            "value": {
              "__uuid__": "748b7cce-cef2-49cf-a25a-9d8fd71c7d41"
            }
          },
          {
            "frame": 2.466666666666667,
            "value": {
              "__uuid__": "a1c3b1d9-11ba-4061-8aa4-c27f912fad6d"
            }
          }
        ]
      }
    }
  },
  "events": []
}