{
  "__type__": "cc.AnimationClip",
  "_name": "dying",
  "_objFlags": 0,
  "_native": "",
  "_duration": 0.3,
  "sample": 60,
  "speed": 0.12,
  "wrapMode": "2",
  "curveData": {
    "paths": {
      "body": {
        "comps": {
          "cc.Sprite": {
            "spriteFrame": [
              {
                "frame": 0,
                "value": {
                  "__uuid__": "2b82bb29-ace3-4c0f-aa9d-3f318cf838e9"
                }
              },
              {
                "frame": 0.016666666666666666,
                "value": {
                  "__uuid__": "04a318ef-135b-471e-a7a2-44a578dce3bf"
                }
              },
              {
                "frame": 0.03333333333333333,
                "value": {
                  "__uuid__": "6400a3a2-8391-4a22-afd1-41038c81e5d9"
                }
              },
              {
                "frame": 0.05,
                "value": {
                  "__uuid__": "b0a959d3-99a4-4909-9804-1b27e551aca1"
                }
              },
              {
                "frame": 0.06666666666666667,
                "value": {
                  "__uuid__": "0188e23d-1dd6-4cb7-ad73-4ce3b4be2001"
                }
              },
              {
                "frame": 0.08333333333333333,
                "value": {
                  "__uuid__": "5b4d4dd9-6c2c-44c7-ae2d-5948f4dc2723"
                }
              },
              {
                "frame": 0.1,
                "value": {
                  "__uuid__": "697a62d4-7d4f-415c-9b6f-863d62c3e1c2"
                }
              },
              {
                "frame": 0.11666666666666667,
                "value": {
                  "__uuid__": "ff8dfc3f-380d-4b9a-ac33-174d05331e79"
                }
              },
              {
                "frame": 0.13333333333333333,
                "value": {
                  "__uuid__": "9b99d242-9818-44a2-818d-f1254bc52278"
                }
              },
              {
                "frame": 0.15,
                "value": {
                  "__uuid__": "d70e0b9a-28fd-4e38-989a-8114b891fd79"
                }
              },
              {
                "frame": 0.16666666666666666,
                "value": {
                  "__uuid__": "a2ead2de-38d0-4cc4-a8d8-7c15f722d680"
                }
              },
              {
                "frame": 0.18333333333333332,
                "value": {
                  "__uuid__": "2b82bb29-ace3-4c0f-aa9d-3f318cf838e9"
                }
              },
              {
                "frame": 0.2,
                "value": {
                  "__uuid__": "1dc9a16f-7d55-4075-ad10-f7eec29bdbce"
                }
              },
              {
                "frame": 0.21666666666666667,
                "value": {
                  "__uuid__": "5cdbb81d-507d-4039-b3ab-eec6750fd876"
                }
              },
              {
                "frame": 0.23333333333333334,
                "value": {
                  "__uuid__": "1ada57b2-0560-4182-b521-d455d52beb00"
                }
              },
              {
                "frame": 0.25,
                "value": {
                  "__uuid__": "b534ba41-000a-4e4a-8caf-7012ea71900d"
                }
              },
              {
                "frame": 0.26666666666666666,
                "value": {
                  "__uuid__": "a9548506-0a8d-46dc-baaa-00174ba9380a"
                }
              },
              {
                "frame": 0.2833333333333333,
                "value": {
                  "__uuid__": "e493b138-ad5b-4387-8405-d2bf5f749dde"
                }
              }
            ]
          }
        },
        "props": {
          "position": [
            {
              "frame": 0,
              "value": [
                0,
                -14.7
              ]
            }
          ]
        }
      },
      "head": {
        "comps": {
          "cc.Sprite": {
            "spriteFrame": [
              {
                "frame": 0,
                "value": {
                  "__uuid__": "fa0e814e-9434-41bd-afe7-e8fd9296e5ab"
                }
              },
              {
                "frame": 0.016666666666666666,
                "value": {
                  "__uuid__": "e0bf429d-a520-46ec-bab0-f365c7d7fdda"
                }
              },
              {
                "frame": 0.03333333333333333,
                "value": {
                  "__uuid__": "f0e0fcdb-b966-43cd-923e-4b244ea86b16"
                }
              },
              {
                "frame": 0.05,
                "value": {
                  "__uuid__": "5b80a481-f2f2-4c70-b77a-cdeea336653b"
                }
              },
              {
                "frame": 0.06666666666666667,
                "value": {
                  "__uuid__": "a9c2313e-5ab3-4f9d-a388-40f5c78c7b53"
                }
              },
              {
                "frame": 0.08333333333333333,
                "value": {
                  "__uuid__": "118459af-6d88-4370-b8ac-30fb02ab35ac"
                }
              },
              {
                "frame": 0.1,
                "value": {
                  "__uuid__": "7d0c9fd8-114f-4072-bc3f-d65536a3ad58"
                }
              },
              {
                "frame": 0.11666666666666667,
                "value": {
                  "__uuid__": "a7fefad2-a1b0-4973-9c3d-d522137ef73f"
                }
              },
              {
                "frame": 0.13333333333333333,
                "value": {
                  "__uuid__": "5cbe5c77-6bf4-4007-b55f-f6420be9b0d0"
                }
              },
              {
                "frame": 0.15,
                "value": {
                  "__uuid__": "fc2db6d2-081b-485e-8daf-052334524e77"
                }
              },
              {
                "frame": 0.16666666666666666,
                "value": {
                  "__uuid__": "cdaecfa0-a872-457b-99be-1065bfad09df"
                }
              }
            ]
          }
        },
        "props": {
          "position": [
            {
              "frame": 0,
              "value": [
                -11.8,
                50.9
              ],
              "motionPath": []
            },
            {
              "frame": 0.03333333333333333,
              "value": [
                15.1,
                61.9
              ],
              "motionPath": []
            },
            {
              "frame": 0.08333333333333333,
              "value": [
                63.2,
                -15.1
              ],
              "motionPath": []
            },
            {
              "frame": 0.11666666666666667,
              "value": [
                79.7,
                -2.8
              ],
              "motionPath": []
            },
            {
              "frame": 0.16666666666666666,
              "value": [
                98.9,
                -25.6
              ],
              "motionPath": []
            }
          ]
        }
      }
    },
    "comps": {
      "cc.Sprite": {
        "spriteFrame": [
          {
            "frame": 0,
            "value": null
          }
        ]
      }
    }
  },
  "events": []
}