{
  "__type__": "cc.AnimationClip",
  "_name": "ConeClip",
  "_objFlags": 0,
  "_native": "",
  "_duration": 0.6833333333333333,
  "sample": 60,
  "speed": 0.22,
  "wrapMode": "2",
  "curveData": {
    "comps": {
      "cc.Sprite": {
        "spriteFrame": [
          {
            "frame": 0,
            "value": {
              "__uuid__": "7285b329-77db-4d73-8382-7fdeb3ae79b5"
            }
          },
          {
            "frame": 0.03333333333333333,
            "value": {
              "__uuid__": "66a5ccc9-716c-49e6-94c4-db4f513a8b6c"
            }
          },
          {
            "frame": 0.06666666666666667,
            "value": {
              "__uuid__": "a9a46120-d274-4afc-bab4-11d60be66422"
            }
          },
          {
            "frame": 0.1,
            "value": {
              "__uuid__": "175c5f11-efc8-4100-a86b-d41ea248b997"
            }
          },
          {
            "frame": 0.13333333333333333,
            "value": {
              "__uuid__": "9ff97f32-0f30-4778-a77a-b459d47f0ba1"
            }
          },
          {
            "frame": 0.16666666666666666,
            "value": {
              "__uuid__": "b9179d34-1950-4413-8a71-77fcdcf9f027"
            }
          },
          {
            "frame": 0.2,
            "value": {
              "__uuid__": "cde32c0e-d4c5-4480-9978-aea407054b45"
            }
          },
          {
            "frame": 0.23333333333333334,
            "value": {
              "__uuid__": "6bc1d2d1-169d-4e03-872c-c03f6d5964fa"
            }
          },
          {
            "frame": 0.26666666666666666,
            "value": {
              "__uuid__": "cb0947ca-9f92-47d9-ad5a-c3e9f08f6224"
            }
          },
          {
            "frame": 0.3,
            "value": {
              "__uuid__": "259eba43-36ae-4f31-ab82-82a037a48aed"
            }
          },
          {
            "frame": 0.3333333333333333,
            "value": {
              "__uuid__": "f7dd5380-f9f6-4a7d-b47d-2a7ef5b33434"
            }
          },
          {
            "frame": 0.36666666666666664,
            "value": {
              "__uuid__": "2c2488ce-83ac-4ed0-be95-4695661e0679"
            }
          },
          {
            "frame": 0.4,
            "value": {
              "__uuid__": "d4e68ea6-e10a-472b-acc4-5867c2ba508c"
            }
          },
          {
            "frame": 0.43333333333333335,
            "value": {
              "__uuid__": "2df60a70-10f4-4962-a9cc-e29c844eb266"
            }
          },
          {
            "frame": 0.4666666666666667,
            "value": {
              "__uuid__": "f3374325-a062-47c8-a1b7-f3e5f9781a86"
            }
          },
          {
            "frame": 0.5,
            "value": {
              "__uuid__": "d1018a85-3c60-4c35-86ce-12b14acaf8b9"
            }
          },
          {
            "frame": 0.5333333333333333,
            "value": {
              "__uuid__": "48cf5a03-a77a-4ccc-b402-c34edd7d821c"
            }
          },
          {
            "frame": 0.5666666666666667,
            "value": {
              "__uuid__": "b088783f-5633-43ad-9e01-d7d6e0edfdc4"
            }
          },
          {
            "frame": 0.6,
            "value": {
              "__uuid__": "08d2fc04-9b46-4fee-bf80-40ffe76e9476"
            }
          },
          {
            "frame": 0.6333333333333333,
            "value": {
              "__uuid__": "f2b09038-9361-45fc-a17a-978d9f22094a"
            }
          },
          {
            "frame": 0.6666666666666666,
            "value": {
              "__uuid__": "20054c9a-a02c-4a8b-84cc-0c80081741cf"
            }
          }
        ]
      }
    }
  },
  "events": []
}