{
  "__type__": "cc.AnimationClip",
  "_name": "move",
  "_objFlags": 0,
  "_native": "",
  "_duration": 0.5833333333333334,
  "sample": 60,
  "speed": 0.22,
  "wrapMode": "2",
  "curveData": {
    "comps": {
      "cc.Sprite": {
        "spriteFrame": [
          {
            "frame": 0,
            "value": {
              "__uuid__": "628db448-fe74-4ae2-b80c-1ad33f926ee0"
            }
          },
          {
            "frame": 0.03333333333333333,
            "value": {
              "__uuid__": "b31e23d4-d515-4b71-bf72-f8ed5b8749d8"
            }
          },
          {
            "frame": 0.06666666666666667,
            "value": {
              "__uuid__": "f6280cb6-0da8-43a2-9416-d80ccc3f1445"
            }
          },
          {
            "frame": 0.1,
            "value": {
              "__uuid__": "6505d592-816b-4166-9811-13aad1761abb"
            }
          },
          {
            "frame": 0.13333333333333333,
            "value": {
              "__uuid__": "ad2bafce-2f35-4d12-9207-a1fa4b5a23cc"
            }
          },
          {
            "frame": 0.16666666666666666,
            "value": {
              "__uuid__": "f9662303-1af7-4e5e-a99b-7fd128d0c8bf"
            }
          },
          {
            "frame": 0.2,
            "value": {
              "__uuid__": "41718782-afdf-42e9-877b-bd6900e9d871"
            }
          },
          {
            "frame": 0.23333333333333334,
            "value": {
              "__uuid__": "8469104a-c97f-4507-adca-a2cd153d777b"
            }
          },
          {
            "frame": 0.26666666666666666,
            "value": {
              "__uuid__": "5da2362c-2001-452a-9d5e-f40ed2bdd9b1"
            }
          },
          {
            "frame": 0.3,
            "value": {
              "__uuid__": "66dc5578-eed4-4dce-aa02-ce10ded6d3a5"
            }
          },
          {
            "frame": 0.31666666666666665,
            "value": {
              "__uuid__": "66dc5578-eed4-4dce-aa02-ce10ded6d3a5"
            }
          },
          {
            "frame": 0.3333333333333333,
            "value": {
              "__uuid__": "3dcc78a2-56ac-4732-b3f8-ff0f03d34afa"
            }
          },
          {
            "frame": 0.36666666666666664,
            "value": {
              "__uuid__": "5a3846aa-7ed5-4d49-8c92-2f0690c5cfa3"
            }
          },
          {
            "frame": 0.4,
            "value": {
              "__uuid__": "576149cd-cecc-4707-a049-adc04c02c8e5"
            }
          },
          {
            "frame": 0.43333333333333335,
            "value": {
              "__uuid__": "9a40dd88-9cee-480f-8267-b45ce174ce25"
            }
          },
          {
            "frame": 0.4666666666666667,
            "value": {
              "__uuid__": "af8bfd65-0097-4d80-aa92-92fe83236a6b"
            }
          },
          {
            "frame": 0.5,
            "value": {
              "__uuid__": "d440d6f3-6e5b-457c-b913-0e05bd0322c0"
            }
          },
          {
            "frame": 0.5333333333333333,
            "value": {
              "__uuid__": "59c59666-d2d3-499c-9c22-375ed227bccf"
            }
          },
          {
            "frame": 0.5666666666666667,
            "value": {
              "__uuid__": "3b8fef64-522c-473a-aa2d-2ec9b65052f7"
            }
          }
        ]
      }
    },
    "paths": {
      "body": {
        "comps": {
          "cc.Sprite": {
            "spriteFrame": [
              {
                "frame": 0,
                "value": null
              }
            ]
          }
        }
      },
      "head": {
        "comps": {
          "cc.Sprite": {
            "spriteFrame": [
              {
                "frame": 0,
                "value": null
              }
            ]
          }
        },
        "props": {}
      }
    }
  },
  "events": []
}