[
  {
    "__type__": "cc.Prefab",
    "_name": "BucketZombie",
    "_objFlags": 0,
    "_native": "",
    "data": {
      "__id__": 1
    },
    "optimizationPolicy": 0,
    "asyncLoadAssets": false,
    "readonly": false
  },
  {
    "__type__": "cc.Node",
    "_name": "BucketZombie",
    "_objFlags": 0,
    "_parent": null,
    "_children": [
      {
        "__id__": 2
      },
      {
        "__id__": 5
      }
    ],
    "_active": true,
    "_level": 1,
    "_components": [
      {
        "__id__": 8
      },
      {
        "__id__": 9
      },
      {
        "__id__": 10
      },
      {
        "__id__": 11
      },
      {
        "__id__": 12
      }
    ],
    "_prefab": {
      "__id__": 13
    },
    "_opacity": 255,
    "_color": {
      "__type__": "cc.Color",
      "r": 255,
      "g": 255,
      "b": 255,
      "a": 255
    },
    "_contentSize": {
      "__type__": "cc.Size",
      "width": 67,
      "height": 139
    },
    "_anchorPoint": {
      "__type__": "cc.Vec2",
      "x": 0.5,
      "y": 0.5
    },
    "_position": {
      "__type__": "cc.Vec3",
      "x": 520,
      "y": 296,
      "z": 0
    },
    "_scale": {
      "__type__": "cc.Vec3",
      "x": 1,
      "y": 1,
      "z": 1
    },
    "_quat": {
      "__type__": "cc.Quat",
      "x": 0,
      "y": 0,
      "z": 0,
      "w": 1
    },
    "_skewX": 0,
    "_skewY": 0,
    "_zIndex": 0,
    "_is3DNode": false,
    "groupIndex": 2,
    "_id": ""
  },
  {
    "__type__": "cc.Node",
    "_name": "body",
    "_objFlags": 0,
    "_parent": {
      "__id__": 1
    },
    "_children": [],
    "_active": true,
    "_level": 3,
    "_components": [
      {
        "__id__": 3
      }
    ],
    "_prefab": {
      "__id__": 4
    },
    "_opacity": 255,
    "_color": {
      "__type__": "cc.Color",
      "r": 255,
      "g": 255,
      "b": 255,
      "a": 255
    },
    "_contentSize": {
      "__type__": "cc.Size",
      "width": 0,
      "height": 0
    },
    "_anchorPoint": {
      "__type__": "cc.Vec2",
      "x": 0.5,
      "y": 0.5
    },
    "_position": {
      "__type__": "cc.Vec3",
      "x": 0,
      "y": 0,
      "z": 0
    },
    "_scale": {
      "__type__": "cc.Vec3",
      "x": 1,
      "y": 1,
      "z": 1
    },
    "_quat": {
      "__type__": "cc.Quat",
      "x": 0,
      "y": 0,
      "z": 0,
      "w": 1
    },
    "_skewX": 0,
    "_skewY": 0,
    "_zIndex": 0,
    "_is3DNode": false,
    "groupIndex": 0,
    "_id": ""
  },
  {
    "__type__": "cc.Sprite",
    "_name": "",
    "_objFlags": 0,
    "node": {
      "__id__": 2
    },
    "_enabled": true,
    "_srcBlendFactor": 770,
    "_dstBlendFactor": 771,
    "_spriteFrame": null,
    "_type": 0,
    "_sizeMode": 1,
    "_fillType": 0,
    "_fillCenter": {
      "__type__": "cc.Vec2",
      "x": 0,
      "y": 0
    },
    "_fillStart": 0,
    "_fillRange": 0,
    "_isTrimmedMode": true,
    "_state": 0,
    "_atlas": null,
    "_id": ""
  },
  {
    "__type__": "cc.PrefabInfo",
    "root": {
      "__id__": 1
    },
    "asset": {
      "__uuid__": "2ba82597-3d93-4687-8daa-67c749c9ee31"
    },
    "fileId": "45nuvgA3hDUpjwMkuQHAiv",
    "sync": false
  },
  {
    "__type__": "cc.Node",
    "_name": "head",
    "_objFlags": 0,
    "_parent": {
      "__id__": 1
    },
    "_children": [],
    "_active": true,
    "_level": 3,
    "_components": [
      {
        "__id__": 6
      }
    ],
    "_prefab": {
      "__id__": 7
    },
    "_opacity": 255,
    "_color": {
      "__type__": "cc.Color",
      "r": 255,
      "g": 255,
      "b": 255,
      "a": 255
    },
    "_contentSize": {
      "__type__": "cc.Size",
      "width": 0,
      "height": 0
    },
    "_anchorPoint": {
      "__type__": "cc.Vec2",
      "x": 0.5,
      "y": 0.5
    },
    "_position": {
      "__type__": "cc.Vec3",
      "x": 0,
      "y": 0,
      "z": 0
    },
    "_scale": {
      "__type__": "cc.Vec3",
      "x": 1,
      "y": 1,
      "z": 1
    },
    "_quat": {
      "__type__": "cc.Quat",
      "x": 0,
      "y": 0,
      "z": 0,
      "w": 1
    },
    "_skewX": 0,
    "_skewY": 0,
    "_zIndex": 0,
    "_is3DNode": false,
    "groupIndex": 0,
    "_id": ""
  },
  {
    "__type__": "cc.Sprite",
    "_name": "",
    "_objFlags": 0,
    "node": {
      "__id__": 5
    },
    "_enabled": true,
    "_srcBlendFactor": 770,
    "_dstBlendFactor": 771,
    "_spriteFrame": null,
    "_type": 0,
    "_sizeMode": 1,
    "_fillType": 0,
    "_fillCenter": {
      "__type__": "cc.Vec2",
      "x": 0,
      "y": 0
    },
    "_fillStart": 0,
    "_fillRange": 0,
    "_isTrimmedMode": true,
    "_state": 0,
    "_atlas": null,
    "_id": ""
  },
  {
    "__type__": "cc.PrefabInfo",
    "root": {
      "__id__": 1
    },
    "asset": {
      "__uuid__": "2ba82597-3d93-4687-8daa-67c749c9ee31"
    },
    "fileId": "fcqew4gjZL5r6IA/2/atMN",
    "sync": false
  },
  {
    "__type__": "cc.Sprite",
    "_name": "",
    "_objFlags": 0,
    "node": {
      "__id__": 1
    },
    "_enabled": true,
    "_srcBlendFactor": 770,
    "_dstBlendFactor": 771,
    "_spriteFrame": null,
    "_type": 0,
    "_sizeMode": 1,
    "_fillType": 0,
    "_fillCenter": {
      "__type__": "cc.Vec2",
      "x": 0,
      "y": 0
    },
    "_fillStart": 0,
    "_fillRange": 0,
    "_isTrimmedMode": true,
    "_state": 0,
    "_atlas": null,
    "_id": ""
  },
  {
    "__type__": "cc.Animation",
    "_name": "",
    "_objFlags": 0,
    "node": {
      "__id__": 1
    },
    "_enabled": true,
    "_defaultClip": {
      "__uuid__": "e76582ae-9ba7-4058-8d20-5fa33654a391"
    },
    "_clips": [
      {
        "__uuid__": "5af675a1-58e2-48eb-b4e7-667fffc8fb54"
      },
      {
        "__uuid__": "74d2112b-f30c-453d-8ab1-94eec0e6911b"
      },
      {
        "__uuid__": "fa1a8e04-4188-4fd9-aca8-0d016eddefb7"
      },
      {
        "__uuid__": "c0dfe6fa-d860-4dbc-90ad-6e83d56b873a"
      },
      {
        "__uuid__": "0d6abaf1-ff4d-4101-bb52-3163a09a8861"
      },
      {
        "__uuid__": "67452b18-4d21-4065-a8c5-156176b12e0d"
      },
      {
        "__uuid__": "b2084ada-c1d3-4173-9f82-2f6a1cc51be3"
      },
      {
        "__uuid__": "0f75f781-ee59-471a-b38d-6d04fe4f68c4"
      }
    ],
    "playOnLoad": false,
    "_id": ""
  },
  {
    "__type__": "d3ae3CU1qxL/53oHP/N0CVw",
    "_name": "",
    "_objFlags": 0,
    "node": {
      "__id__": 1
    },
    "_enabled": true,
    "Speed": 0.3,
    "cSpeed": 0,
    "Blood": 15,
    "PlantBlood": 0,
    "HatBlood": 4,
    "IsWall": 0,
    "AudioButton": 0,
    "Audio": {
      "__uuid__": "485771bc-6029-4cb1-8470-8741b8b431d1"
    },
    "_id": ""
  },
  {
    "__type__": "4858ekOpylMo43CwJF3M9sx",
    "_name": "",
    "_objFlags": 0,
    "node": {
      "__id__": 1
    },
    "_enabled": true,
    "_id": ""
  },
  {
    "__type__": "cc.PolygonCollider",
    "_name": "",
    "_objFlags": 0,
    "node": {
      "__id__": 1
    },
    "_enabled": true,
    "tag": 0,
    "_offset": {
      "__type__": "cc.Vec2",
      "x": 0,
      "y": 0
    },
    "points": [
      {
        "__type__": "cc.Vec2",
        "x": -7.6,
        "y": -55.8
      },
      {
        "__type__": "cc.Vec2",
        "x": 23,
        "y": -61.2
      },
      {
        "__type__": "cc.Vec2",
        "x": 44.9,
        "y": -50.7
      },
      {
        "__type__": "cc.Vec2",
        "x": 37.6,
        "y": -33.8
      },
      {
        "__type__": "cc.Vec2",
        "x": 30.2,
        "y": -33.9
      },
      {
        "__type__": "cc.Vec2",
        "x": 20.5,
        "y": 3.2
      },
      {
        "__type__": "cc.Vec2",
        "x": -9.9,
        "y": 7.9
      },
      {
        "__type__": "cc.Vec2",
        "x": -23.5,
        "y": -1.2
      },
      {
        "__type__": "cc.Vec2",
        "x": -15.1,
        "y": -7.9
      },
      {
        "__type__": "cc.Vec2",
        "x": -15.8,
        "y": -33.4
      }
    ],
    "_id": ""
  },
  {
    "__type__": "cc.PrefabInfo",
    "root": {
      "__id__": 1
    },
    "asset": {
      "__uuid__": "2ba82597-3d93-4687-8daa-67c749c9ee31"
    },
    "fileId": "aeCeXEP4JDn6Izcg6jSqrG",
    "sync": false
  }
]