{
  "__type__": "cc.AnimationClip",
  "_name": "chomper",
  "_objFlags": 0,
  "_native": "",
  "_duration": 2.45,
  "sample": 20,
  "speed": 1,
  "wrapMode": "2",
  "curveData": {
    "paths": {},
    "comps": {
      "cc.Sprite": {
        "spriteFrame": [
          {
            "frame": 0,
            "value": {
              "__uuid__": "fe51363d-a27b-4455-b00d-f1fd571e6e42"
            }
          },
          {
            "frame": 0.2,
            "value": {
              "__uuid__": "d183b50f-1c7d-47a4-9fd6-38828164f973"
            }
          },
          {
            "frame": 0.4,
            "value": {
              "__uuid__": "f82f5e4f-2f4e-49a8-8508-b3086d584478"
            }
          },
          {
            "frame": 0.6,
            "value": {
              "__uuid__": "8babe118-5697-4ad0-84a5-5ef8d9105617"
            }
          },
          {
            "frame": 0.8,
            "value": {
              "__uuid__": "20c9f5a8-129f-4edb-ae4f-f8720625d1d9"
            }
          },
          {
            "frame": 1,
            "value": {
              "__uuid__": "53dbbe5c-7016-4fe5-8f62-e051cbea0c5e"
            }
          },
          {
            "frame": 1.2,
            "value": {
              "__uuid__": "51cf9bd3-b017-439d-b950-f148b9c01633"
            }
          },
          {
            "frame": 1.4,
            "value": {
              "__uuid__": "5de9efd5-fd19-4edb-a722-338c47a21839"
            }
          },
          {
            "frame": 1.6,
            "value": {
              "__uuid__": "cdc4706d-6edf-491c-9162-737fa1ca5a95"
            }
          },
          {
            "frame": 1.8,
            "value": {
              "__uuid__": "d738a5e7-e530-436a-885b-152ab03e43a8"
            }
          },
          {
            "frame": 2,
            "value": {
              "__uuid__": "9ac7b30f-f9d0-4928-ad77-f9b5449d8a82"
            }
          },
          {
            "frame": 2.2,
            "value": {
              "__uuid__": "1034520e-66e5-4f04-8d0e-d3972e99c8cc"
            }
          },
          {
            "frame": 2.4,
            "value": {
              "__uuid__": "5ec5f121-2a22-4a0b-a00f-3d7ecab9e5a5"
            }
          }
        ]
      }
    }
  },
  "events": []
}