{
  "__type__": "cc.AnimationClip",
  "_name": "zombiehand",
  "_objFlags": 0,
  "_native": "",
  "_duration": 2.5,
  "sample": 10,
  "speed": 1,
  "wrapMode": "2",
  "curveData": {
    "comps": {
      "cc.Sprite": {
        "spriteFrame": [
          {
            "frame": 0,
            "value": {
              "__uuid__": "cb4e3a98-7141-4a61-9222-1f4cdd5518fa"
            }
          },
          {
            "frame": 0.4,
            "value": {
              "__uuid__": "9e1f477d-3189-46c3-83dd-1f161a3a34d6"
            }
          },
          {
            "frame": 0.8,
            "value": {
              "__uuid__": "2dc62398-2f8b-41b6-87b3-d0a9850b9748"
            }
          },
          {
            "frame": 1.2,
            "value": {
              "__uuid__": "03c3f0f2-4afb-4c38-af25-bf2122966911"
            }
          },
          {
            "frame": 1.6,
            "value": {
              "__uuid__": "aaba53bd-dee9-4740-85d6-4512d2b6a701"
            }
          },
          {
            "frame": 2,
            "value": {
              "__uuid__": "d537afd0-bebb-42a6-bb4c-2245a1a054a9"
            }
          },
          {
            "frame": 2.4,
            "value": {
              "__uuid__": "f147b166-4ac3-4313-828f-105dabb00f44"
            }
          }
        ]
      }
    }
  },
  "events": []
}